post_id,user_id,created_at,text
1,1,2025-08-23T00:00:00,Coffee tinyflux data social ai trend sqlite graph cloud ml mongodb trend data post graph.
2,1,2025-08-24T00:00:00,Follow python cloud trend social mongodb social music sqlite data like.
3,1,2025-08-17T00:00:00,Ml neo4j post sqlite graph cloud.
4,2,2025-08-23T00:00:00,Ai sqlite post follow music like music ml ai python coffee tinyflux sqlite social.
5,2,2025-08-30T00:00:00,Sql follow trend stream sqlite mongodb ml tinyflux nlp sqlite mongodb music post trend.
6,3,2025-08-31T00:00:00,Ai like stream nlp nlp.
7,3,2025-08-17T00:00:00,Social coffee coffee python stream neo4j.
8,3,2025-08-24T00:00:00,Post data ml neo4j data nlp coffee follow tinyflux ai ml.
9,3,2025-08-13T00:00:00,Stream post social follow mongodb trend neo4j sqlite nlp coffee post post post.
10,4,2025-08-22T00:00:00,Social neo4j tinyflux cloud nlp data sqlite ai cloud mongodb social stream cloud.
11,4,2025-08-15T00:00:00,Trend nlp post tinyflux ml.
12,4,2025-08-20T00:00:00,Graph music trend sql post graph coffee social ai mongodb sqlite music trend nlp.
13,4,2025-08-30T00:00:00,Music nlp stream ai like post nlp stream like graph neo4j tinyflux music.
14,4,2025-08-24T00:00:00,Mongodb trend stream cloud follow like social python follow follow nlp music ml tinyflux tinyflux.
15,4,2025-08-21T00:00:00,Trend tinyflux like mongodb sql mongodb python coffee sqlite follow sqlite follow stream.
16,4,2025-09-03T00:00:00,Coffee music cloud nlp neo4j sqlite ml tinyflux post python post post stream ai music.
17,5,2025-09-02T00:00:00,Graph social graph python python.
18,5,2025-09-07T00:00:00,Sqlite python social ai post.
19,5,2025-08-15T00:00:00,Trend tinyflux trend tinyflux neo4j sql social social python sqlite like cloud follow follow.
20,5,2025-08-22T00:00:00,Data tinyflux sql trend trend ml sql mongodb tinyflux cloud neo4j tinyflux graph.
21,5,2025-09-04T00:00:00,Python graph sqlite graph graph stream cloud ml.
22,5,2025-08-29T00:00:00,Music neo4j python coffee tinyflux graph graph coffee data.
23,5,2025-09-10T00:00:00,Mongodb sqlite nlp neo4j cloud social coffee sql graph data stream ml stream data sql.
24,5,2025-08-18T00:00:00,Coffee cloud sql social stream follow post follow ai sqlite ml like mongodb mongodb follow.
25,5,2025-09-02T00:00:00,Cloud social music python tinyflux ai stream social stream stream.
26,6,2025-08-27T00:00:00,Python sqlite coffee data data.
27,6,2025-09-05T00:00:00,Stream mongodb sql mongodb sql sqlite post sql post trend tinyflux ml post.
28,6,2025-08-14T00:00:00,Graph nlp coffee data data social neo4j neo4j sql python cloud mongodb ml ai sqlite.
29,6,2025-08-29T00:00:00,Mongodb mongodb social neo4j tinyflux.
30,7,2025-08-14T00:00:00,Like music social coffee data social ml cloud sqlite nlp.
31,7,2025-08-29T00:00:00,Music cloud social stream follow music sqlite like.
32,7,2025-09-06T00:00:00,Cloud like neo4j neo4j music ai neo4j stream like coffee tinyflux like coffee ml mongodb.
33,7,2025-08-28T00:00:00,Graph sql post graph graph social trend.
34,8,2025-09-08T00:00:00,Nlp stream python data data tinyflux nlp coffee music sqlite music mongodb like.
35,9,2025-08-22T00:00:00,Nlp mongodb coffee neo4j neo4j cloud coffee ml ai sql sql tinyflux.
36,9,2025-08-25T00:00:00,Post music tinyflux trend nlp cloud coffee neo4j graph.
37,9,2025-08-31T00:00:00,Post trend music stream python trend.
38,9,2025-08-14T00:00:00,Trend post mongodb post neo4j social.
39,9,2025-08-18T00:00:00,Neo4j stream follow nlp social.
40,9,2025-08-23T00:00:00,Sql social tinyflux python nlp stream cloud stream sqlite post post.
41,9,2025-08-31T00:00:00,Graph stream ml graph like sqlite follow tinyflux nlp cloud sql nlp data cloud ai.
42,9,2025-08-18T00:00:00,Like cloud nlp nlp ai follow coffee tinyflux stream post post python stream.
43,9,2025-08-17T00:00:00,Sqlite cloud sqlite post stream cloud like stream cloud trend nlp.
44,9,2025-08-27T00:00:00,Ai trend ml sql stream python graph graph mongodb post sqlite ml coffee music.
45,11,2025-09-02T00:00:00,Nlp neo4j mongodb ml sql music neo4j music stream trend music graph.
46,11,2025-09-10T00:00:00,Stream ml follow mongodb trend tinyflux post.
47,11,2025-08-14T00:00:00,Ml follow trend graph post mongodb social post.
48,11,2025-08-17T00:00:00,Sqlite python tinyflux coffee nlp neo4j sql cloud music sql trend stream ml music.
49,11,2025-08-15T00:00:00,Nlp mongodb ai social stream music nlp.
50,11,2025-08-16T00:00:00,Stream ai like sqlite ml ml trend sqlite ml like nlp social cloud post.
51,11,2025-09-10T00:00:00,Data music nlp sql trend python trend ml graph tinyflux social neo4j music ai.
52,11,2025-09-01T00:00:00,Sqlite coffee cloud graph sqlite python trend ml.
53,12,2025-08-23T00:00:00,Python sqlite social ml social nlp cloud neo4j python coffee coffee tinyflux tinyflux trend.
54,12,2025-09-02T00:00:00,Tinyflux ml sqlite graph sql ml.
55,12,2025-08-22T00:00:00,Mongodb sqlite data cloud mongodb post post nlp mongodb data python cloud mongodb.
56,13,2025-09-04T00:00:00,Like ml sqlite python follow data social graph nlp ai trend.
57,13,2025-09-10T00:00:00,Python ai neo4j stream sql graph ai sql ai graph follow social cloud.
58,13,2025-08-24T00:00:00,Neo4j stream tinyflux data data python post like coffee follow python.
59,14,2025-08-31T00:00:00,Nlp ml ai graph stream neo4j stream coffee.
60,15,2025-08-15T00:00:00,Follow trend post neo4j sqlite follow neo4j social social follow nlp nlp neo4j.
61,15,2025-08-12T00:00:00,Music data mongodb follow sqlite sql coffee follow stream ai post sql.
62,15,2025-08-14T00:00:00,Sqlite post data like nlp cloud trend python like sqlite like.
63,15,2025-08-27T00:00:00,Sql sql python sql post post cloud social.
64,15,2025-08-15T00:00:00,Sqlite sqlite mongodb social stream ai.
65,15,2025-08-27T00:00:00,Mongodb nlp follow trend trend nlp follow like python sql.
66,15,2025-08-30T00:00:00,Data social nlp stream stream cloud sqlite.
67,15,2025-08-17T00:00:00,Follow sqlite nlp sqlite ai sql neo4j coffee mongodb python stream sql.
68,15,2025-08-27T00:00:00,Coffee graph ml ml social cloud ml nlp neo4j follow sqlite post tinyflux post.
69,15,2025-08-29T00:00:00,Trend graph post tinyflux nlp ai ml music trend mongodb stream.
70,15,2025-08-22T00:00:00,Coffee neo4j neo4j cloud sqlite data post nlp mongodb ml coffee cloud.
71,15,2025-08-29T00:00:00,Like python ai music trend follow graph neo4j mongodb graph social cloud sqlite.
72,16,2025-08-27T00:00:00,Trend cloud python mongodb music graph post coffee mongodb neo4j post data.
73,16,2025-08-17T00:00:00,Sql coffee python python mongodb python ml trend cloud neo4j.
74,16,2025-08-26T00:00:00,Graph trend music sql python tinyflux tinyflux sql cloud data like.
75,16,2025-08-27T00:00:00,Data social stream follow music mongodb data like cloud sql tinyflux ml music.
76,16,2025-08-28T00:00:00,Ai sqlite trend coffee nlp follow stream.
77,17,2025-08-20T00:00:00,Ml follow sqlite graph neo4j mongodb mongodb neo4j stream mongodb coffee coffee stream.
78,17,2025-09-06T00:00:00,Ml cloud python coffee ai post.
79,17,2025-09-08T00:00:00,Coffee nlp ai like like nlp ai.
80,17,2025-08-25T00:00:00,Neo4j social stream graph trend ml sql tinyflux mongodb.
81,17,2025-09-07T00:00:00,Sql data mongodb stream social mongodb sqlite python mongodb stream python.
82,18,2025-08-18T00:00:00,Graph python mongodb mongodb python mongodb.
83,18,2025-08-18T00:00:00,Ai ai stream graph music python tinyflux tinyflux sql graph.
84,18,2025-08-27T00:00:00,Coffee coffee social follow nlp social coffee post.
85,18,2025-08-16T00:00:00,Python cloud stream graph trend.
86,18,2025-08-20T00:00:00,Post music social sql social ml tinyflux ai nlp social stream.
87,18,2025-08-18T00:00:00,Cloud follow like graph tinyflux tinyflux stream music nlp python cloud data.
88,18,2025-09-02T00:00:00,Follow sql ml ai social neo4j cloud sql.
89,19,2025-08-13T00:00:00,Social nlp neo4j cloud data graph data mongodb like follow mongodb data mongodb tinyflux.
90,19,2025-09-06T00:00:00,Music sql follow social social post.
91,19,2025-08-26T00:00:00,Ai cloud tinyflux python ai tinyflux neo4j stream.
92,20,2025-08-27T00:00:00,Neo4j stream coffee nlp trend neo4j trend graph.
93,20,2025-08-28T00:00:00,Ml post stream nlp social stream tinyflux.
94,20,2025-09-09T00:00:00,Mongodb cloud mongodb coffee data.
95,20,2025-08-29T00:00:00,Graph sqlite social graph python ml coffee data sqlite ai like.
96,20,2025-08-17T00:00:00,Sql nlp data neo4j post.
97,21,2025-09-02T00:00:00,Stream tinyflux python cloud mongodb data like sql nlp trend data post.
98,21,2025-08-13T00:00:00,Neo4j like ml cloud tinyflux post python ai data coffee.
99,21,2025-08-18T00:00:00,Data tinyflux stream graph stream sql mongodb graph tinyflux ml music mongodb cloud.
100,21,2025-08-26T00:00:00,Ml music social stream stream sqlite stream neo4j like like neo4j follow post ml mongodb.
101,21,2025-09-07T00:00:00,Mongodb neo4j sql social like python follow ml cloud tinyflux.
102,22,2025-08-21T00:00:00,Ai music trend ai follow sql coffee social like post like stream neo4j neo4j.
103,22,2025-08-15T00:00:00,Nlp graph python trend sql.
104,22,2025-08-20T00:00:00,Data cloud like tinyflux tinyflux social graph post sqlite.
105,23,2025-08-30T00:00:00,Neo4j coffee tinyflux neo4j data data.
106,23,2025-09-05T00:00:00,Coffee post ml trend trend sql sqlite mongodb ai social.
107,23,2025-08-24T00:00:00,Coffee ai stream music stream.
108,23,2025-08-19T00:00:00,Data tinyflux cloud ml neo4j stream sql.
109,23,2025-08-21T00:00:00,Music coffee nlp tinyflux stream python cloud ml sqlite social nlp.
110,23,2025-08-18T00:00:00,Cloud neo4j neo4j follow stream sql python ml sqlite neo4j music ml.
111,23,2025-08-23T00:00:00,Graph coffee sqlite social graph coffee post post mongodb ml.
112,23,2025-09-10T00:00:00,Graph cloud social trend music data like like.
113,24,2025-09-08T00:00:00,Ai sqlite music nlp ai sql stream sql stream.
114,24,2025-08-20T00:00:00,Nlp tinyflux music sqlite ai neo4j sqlite ai graph python social mongodb data.
115,24,2025-09-01T00:00:00,Data sqlite sqlite like cloud.
116,24,2025-08-15T00:00:00,Python trend cloud follow stream.
117,26,2025-09-03T00:00:00,Like nlp neo4j data graph follow.
118,26,2025-08-29T00:00:00,Ai like coffee nlp tinyflux.
119,26,2025-08-12T00:00:00,Sqlite cloud coffee follow follow python data python cloud follow.
120,26,2025-08-12T00:00:00,Like sql coffee cloud music tinyflux stream sqlite trend sqlite ml neo4j ml.
121,27,2025-08-21T00:00:00,Coffee stream sql music stream post trend coffee tinyflux stream music follow follow music.
122,27,2025-09-10T00:00:00,Like coffee neo4j like music coffee trend tinyflux social trend ml ml ml like.
123,27,2025-09-09T00:00:00,Like python social music graph social mongodb python neo4j sql sql sqlite cloud sqlite nlp.
124,27,2025-08-28T00:00:00,Nlp mongodb graph cloud nlp graph sql ml follow like follow sql sqlite sql.
125,27,2025-08-18T00:00:00,Graph follow ml mongodb sqlite trend.
126,28,2025-09-09T00:00:00,Ml social mongodb post tinyflux cloud like neo4j.
127,28,2025-08-29T00:00:00,Mongodb tinyflux ai music nlp trend trend sql stream follow ai cloud social.
128,29,2025-08-13T00:00:00,Python cloud coffee post nlp ml mongodb data.
129,29,2025-08-28T00:00:00,Nlp mongodb data stream graph neo4j trend.
130,30,2025-08-29T00:00:00,Cloud coffee ai nlp trend trend trend.
131,30,2025-08-14T00:00:00,Coffee mongodb tinyflux graph tinyflux data tinyflux mongodb data.
132,30,2025-09-03T00:00:00,Tinyflux follow mongodb graph neo4j ai graph coffee trend trend graph.
133,31,2025-08-16T00:00:00,Social data coffee tinyflux follow python graph.
134,31,2025-09-09T00:00:00,Follow ai social ai nlp nlp post.
135,31,2025-08-31T00:00:00,Sql neo4j nlp ml data mongodb sql stream mongodb neo4j post ai.
136,31,2025-08-16T00:00:00,Sqlite ai trend sqlite post.
137,31,2025-08-21T00:00:00,Like ai ml graph sqlite mongodb sqlite neo4j social graph.
138,31,2025-08-26T00:00:00,Cloud ai social coffee trend post social post data nlp music trend coffee ml.
139,31,2025-08-18T00:00:00,Mongodb music tinyflux mongodb follow nlp sqlite like.
140,31,2025-09-03T00:00:00,Ml post python neo4j mongodb like mongodb nlp tinyflux.
141,32,2025-08-27T00:00:00,Post trend sql python graph music nlp social tinyflux sql mongodb ml.
142,32,2025-08-13T00:00:00,Coffee post sql mongodb sqlite python data coffee stream social.
143,32,2025-08-15T00:00:00,Coffee cloud neo4j follow post graph post like nlp nlp ai music graph nlp trend.
144,33,2025-09-09T00:00:00,Nlp post like data stream neo4j sqlite neo4j ai neo4j.
145,33,2025-08-22T00:00:00,Data music post coffee cloud stream graph mongodb graph music.
146,33,2025-09-06T00:00:00,Tinyflux coffee ai ml nlp sql nlp follow sql.
147,33,2025-08-21T00:00:00,Music social social like ml ai nlp.
148,33,2025-08-28T00:00:00,Graph like tinyflux stream social music trend.
149,33,2025-09-07T00:00:00,Sqlite music tinyflux nlp tinyflux stream ai like sqlite neo4j data nlp ai.
150,33,2025-08-28T00:00:00,Tinyflux ai social mongodb sql sql python stream social sqlite python graph music follow neo4j.
151,33,2025-08-15T00:00:00,Stream stream python like post neo4j graph coffee.
152,33,2025-09-09T00:00:00,Stream data ai like data cloud data cloud tinyflux trend.
153,34,2025-09-01T00:00:00,Mongodb coffee post tinyflux sqlite stream follow social nlp music post like.
154,34,2025-08-26T00:00:00,Nlp sqlite tinyflux nlp sql sql.
155,34,2025-09-08T00:00:00,Python cloud graph like coffee trend coffee nlp data music nlp post python coffee.
156,35,2025-08-30T00:00:00,Stream ml tinyflux music neo4j data coffee.
157,35,2025-08-26T00:00:00,Neo4j sql sql graph nlp data sql sqlite ml follow neo4j.
158,35,2025-08-22T00:00:00,Sqlite graph sqlite tinyflux tinyflux post music neo4j coffee data ml coffee ml.
159,35,2025-08-31T00:00:00,Sqlite neo4j post coffee mongodb data.
160,35,2025-08-18T00:00:00,Trend like mongodb ai music music stream.
161,36,2025-08-24T00:00:00,Neo4j graph sqlite coffee neo4j like coffee like ml follow coffee data ai follow.
162,36,2025-08-24T00:00:00,Trend data like follow ai neo4j follow.
163,36,2025-08-15T00:00:00,Trend sql tinyflux cloud coffee cloud cloud stream sqlite.
164,37,2025-08-27T00:00:00,Graph cloud like post graph follow sqlite.
165,37,2025-08-16T00:00:00,Data ai tinyflux nlp ml.
166,37,2025-08-16T00:00:00,Music post trend trend sqlite like.
167,37,2025-08-31T00:00:00,Nlp ml post cloud sql ml ai.
168,37,2025-08-27T00:00:00,Tinyflux python like neo4j ai ai nlp cloud.
169,37,2025-08-30T00:00:00,Follow data tinyflux stream trend social python stream stream mongodb sql mongodb.
170,37,2025-09-02T00:00:00,Data mongodb social coffee data coffee social nlp stream nlp tinyflux ml follow social python.
171,38,2025-08-13T00:00:00,Tinyflux tinyflux neo4j data nlp graph data follow post mongodb python data stream trend.
172,39,2025-08-20T00:00:00,Music python trend ai music graph neo4j graph ml.
173,39,2025-09-06T00:00:00,Python tinyflux nlp social trend coffee data.
174,39,2025-08-16T00:00:00,Like graph nlp follow social sql ml mongodb sql tinyflux coffee mongodb social music.
175,39,2025-08-17T00:00:00,Cloud coffee tinyflux social stream cloud tinyflux nlp music trend ai like.
176,39,2025-08-26T00:00:00,Sqlite follow sqlite ai like mongodb follow ml like trend coffee.
177,39,2025-08-20T00:00:00,Python neo4j nlp sqlite sql sqlite.
178,39,2025-09-05T00:00:00,Stream sqlite follow coffee ai ai data ml.
179,40,2025-08-28T00:00:00,Sqlite cloud tinyflux python ai mongodb.
180,40,2025-08-13T00:00:00,Sqlite post follow mongodb tinyflux music trend music sqlite trend neo4j follow trend sqlite.
181,40,2025-08-20T00:00:00,Nlp like mongodb like python ml like social coffee.
182,40,2025-08-17T00:00:00,Python data cloud follow python post.
183,40,2025-08-17T00:00:00,Data follow sql cloud mongodb music stream ml mongodb music ml python.
184,41,2025-08-13T00:00:00,Data tinyflux social ai nlp sqlite.
185,41,2025-08-12T00:00:00,Sqlite python tinyflux like neo4j.
186,41,2025-08-28T00:00:00,Nlp ml tinyflux post data sql cloud sqlite social music stream follow.
187,42,2025-08-22T00:00:00,Coffee data follow mongodb cloud trend coffee post social python sql neo4j follow sqlite python.
188,42,2025-08-24T00:00:00,Mongodb cloud data mongodb tinyflux music.
189,42,2025-08-18T00:00:00,Tinyflux neo4j nlp data stream.
190,42,2025-08-21T00:00:00,Stream post ml follow ai data social ai music post sqlite nlp.
191,43,2025-09-02T00:00:00,Music neo4j like ai music sqlite nlp like ai tinyflux music graph ai.
192,43,2025-08-21T00:00:00,Nlp graph neo4j post music nlp.
193,43,2025-09-06T00:00:00,Sql post ml post follow sqlite coffee follow neo4j music post social social neo4j.
194,43,2025-08-22T00:00:00,Music music ml sqlite neo4j ml.
195,43,2025-09-10T00:00:00,Ai data post mongodb social ai nlp ai graph data sqlite trend ml post.
196,43,2025-09-05T00:00:00,Sqlite sql mongodb stream ml like mongodb ai graph nlp follow mongodb.
197,43,2025-09-06T00:00:00,Coffee ai sql music stream data cloud social stream.
198,43,2025-08-19T00:00:00,Social sqlite python graph social sqlite follow nlp graph sqlite ai mongodb.
199,43,2025-08-21T00:00:00,Ml coffee post social ai tinyflux like graph.
200,44,2025-09-06T00:00:00,Nlp music trend tinyflux neo4j.
201,44,2025-08-22T00:00:00,Graph sqlite coffee social coffee data tinyflux trend cloud sql nlp.
202,44,2025-08-27T00:00:00,Trend music like nlp cloud.
203,44,2025-08-16T00:00:00,Tinyflux mongodb follow sql music sqlite data music trend nlp graph coffee.
204,44,2025-09-09T00:00:00,Mongodb social mongodb mongodb graph follow trend data trend.
205,45,2025-08-27T00:00:00,Neo4j post python tinyflux tinyflux sql coffee neo4j.
206,45,2025-09-09T00:00:00,Like like trend ml ai follow tinyflux stream ml cloud post sqlite data nlp.
207,46,2025-08-14T00:00:00,Social sqlite ml sql cloud sql follow ai sqlite graph nlp neo4j neo4j.
208,47,2025-08-26T00:00:00,Social trend ml social cloud nlp mongodb trend data trend coffee ai.
209,47,2025-08-25T00:00:00,Sqlite mongodb neo4j sql sqlite mongodb coffee like stream.
210,47,2025-09-10T00:00:00,Cloud data cloud nlp ai cloud mongodb tinyflux neo4j social music coffee stream mongodb tinyflux.
211,47,2025-09-05T00:00:00,Trend tinyflux social social coffee trend stream ml data cloud nlp stream post nlp.
212,47,2025-08-29T00:00:00,Post trend nlp cloud sqlite sqlite follow trend graph trend data cloud graph follow data.
213,47,2025-08-17T00:00:00,Music music graph sql follow ai ml sqlite like.
214,48,2025-08-27T00:00:00,Ml tinyflux ai graph ai post post stream coffee neo4j.
215,48,2025-09-01T00:00:00,Social nlp sqlite stream stream nlp neo4j trend coffee social sql cloud python post music.
216,48,2025-08-21T00:00:00,Follow mongodb graph stream graph graph tinyflux like social graph music follow.
217,48,2025-08-30T00:00:00,Ml cloud sql tinyflux sqlite follow music.
218,48,2025-08-26T00:00:00,Follow stream music ai like social like like graph follow stream stream mongodb.
219,49,2025-08-21T00:00:00,Trend follow social follow sqlite social tinyflux like coffee music nlp ai.
220,49,2025-09-02T00:00:00,Music ai mongodb sql cloud coffee mongodb graph stream social social graph data.
221,49,2025-09-08T00:00:00,Sqlite follow follow cloud nlp mongodb stream data sqlite cloud tinyflux ml.
222,49,2025-08-24T00:00:00,Ai coffee coffee ml neo4j sql trend tinyflux ml ml.
223,49,2025-08-17T00:00:00,Tinyflux ml post neo4j music coffee follow stream coffee like neo4j.
224,49,2025-08-24T00:00:00,Ai mongodb python graph nlp neo4j.
225,49,2025-09-10T00:00:00,Graph post python nlp post coffee neo4j.
226,51,2025-08-27T00:00:00,Tinyflux sql social graph coffee mongodb mongodb music sqlite python graph like mongodb.
227,52,2025-08-12T00:00:00,Social nlp follow neo4j cloud nlp.
228,52,2025-08-25T00:00:00,Mongodb nlp sqlite music stream neo4j post graph data.
229,52,2025-08-22T00:00:00,Trend music graph python ml like cloud python stream like stream social.
230,52,2025-08-17T00:00:00,Neo4j graph coffee coffee post social.
231,52,2025-08-20T00:00:00,Sqlite cloud stream cloud music music python social ml like graph sql stream post social.
232,52,2025-08-29T00:00:00,Sqlite follow post tinyflux tinyflux post ml like music music ai coffee sqlite music.
233,52,2025-08-26T00:00:00,Stream follow graph coffee tinyflux music music sqlite sqlite coffee sql follow ml social.
234,52,2025-08-15T00:00:00,Ai nlp ml graph ai sqlite.
235,53,2025-08-30T00:00:00,Nlp like ai coffee ai.
236,53,2025-08-15T00:00:00,Like sql like graph cloud data.
237,53,2025-09-08T00:00:00,Like coffee graph stream tinyflux sql neo4j data neo4j.
238,53,2025-08-12T00:00:00,Sql graph python like stream follow data sql stream tinyflux cloud neo4j ml.
239,53,2025-08-15T00:00:00,Post follow ml stream ml social coffee.
240,54,2025-08-26T00:00:00,Stream nlp cloud python tinyflux data.
241,54,2025-08-27T00:00:00,Cloud nlp tinyflux sqlite post sql.
242,54,2025-08-25T00:00:00,Follow ml trend trend post like cloud ai sqlite.
243,54,2025-09-02T00:00:00,Cloud stream sqlite music cloud sqlite.
244,54,2025-08-15T00:00:00,Data follow coffee neo4j follow music post.
245,54,2025-09-04T00:00:00,Python tinyflux neo4j python social mongodb ml nlp mongodb ml nlp python.
246,55,2025-09-05T00:00:00,Music python nlp mongodb music data data data sqlite follow cloud sqlite.
247,55,2025-08-16T00:00:00,Mongodb data data social social social sql sqlite nlp.
248,56,2025-08-20T00:00:00,Coffee trend stream follow ai ml like cloud coffee cloud nlp ai neo4j.
249,56,2025-09-08T00:00:00,Trend graph ml coffee cloud social neo4j nlp neo4j.
250,57,2025-08-29T00:00:00,Nlp neo4j graph data python neo4j cloud sqlite social python data neo4j music cloud.
251,57,2025-09-06T00:00:00,Ai trend coffee data coffee cloud cloud sqlite sql mongodb neo4j like data coffee.
252,57,2025-08-22T00:00:00,Ai coffee nlp trend neo4j like python.
253,57,2025-09-03T00:00:00,Neo4j follow cloud cloud neo4j post music sqlite coffee stream social coffee.
254,57,2025-08-31T00:00:00,Cloud ml nlp post social post stream python ai.
255,57,2025-08-30T00:00:00,Post mongodb follow tinyflux neo4j neo4j python neo4j stream ml coffee.
256,57,2025-08-14T00:00:00,Post stream python sqlite coffee ml python stream sqlite stream trend mongodb stream graph nlp.
257,58,2025-09-02T00:00:00,Python mongodb post trend like like tinyflux data sql nlp sql tinyflux.
258,58,2025-09-05T00:00:00,Post ml trend like mongodb post python python graph.
259,58,2025-09-02T00:00:00,Sql sql music ai social coffee nlp follow ml like sql python ai social.
260,58,2025-08-20T00:00:00,Neo4j mongodb ai tinyflux social data trend coffee python data follow trend sqlite trend cloud.
261,58,2025-09-07T00:00:00,Sql neo4j stream music sqlite neo4j social.
262,58,2025-08-28T00:00:00,Nlp data neo4j social coffee post tinyflux post tinyflux.
263,58,2025-09-10T00:00:00,Sql music sql python ml trend data stream sqlite music stream.
264,58,2025-08-27T00:00:00,Sql python social music nlp cloud coffee mongodb like ai tinyflux social data like sqlite.
265,59,2025-08-20T00:00:00,Cloud mongodb tinyflux like sqlite stream sql ml ai follow like like coffee.
266,60,2025-09-10T00:00:00,Python trend graph ml coffee post mongodb social.
267,61,2025-08-20T00:00:00,Post like nlp ml post tinyflux.
268,61,2025-09-09T00:00:00,Post sqlite stream cloud mongodb post.
269,61,2025-09-04T00:00:00,Nlp ai data mongodb mongodb social music ml mongodb coffee.
270,61,2025-08-14T00:00:00,Graph stream follow post social post.
271,62,2025-09-02T00:00:00,Social coffee nlp tinyflux python sqlite post social graph ml graph.
272,62,2025-09-09T00:00:00,Like trend sql like like mongodb mongodb like follow graph tinyflux.
273,63,2025-08-17T00:00:00,Ml ml python data cloud.
274,63,2025-08-30T00:00:00,Ai stream social like post nlp.
275,64,2025-08-19T00:00:00,Graph trend social python nlp music trend mongodb.
276,65,2025-09-07T00:00:00,Tinyflux graph graph social ai follow sql nlp sql.
277,65,2025-08-30T00:00:00,Mongodb data nlp trend follow cloud sql cloud ml neo4j data neo4j data like nlp.
278,65,2025-08-23T00:00:00,Like follow neo4j tinyflux ai python mongodb coffee cloud cloud follow neo4j neo4j python.
279,66,2025-08-28T00:00:00,Like trend music coffee stream music music ai music trend post tinyflux.
280,67,2025-09-10T00:00:00,Python trend mongodb social python coffee trend coffee follow social graph.
281,68,2025-09-08T00:00:00,Mongodb ml graph data graph nlp graph nlp music trend nlp ml follow neo4j nlp.
282,68,2025-08-15T00:00:00,Music data trend graph graph stream python.
283,68,2025-09-09T00:00:00,Neo4j neo4j follow stream neo4j ml data social sqlite trend ai sqlite sqlite cloud neo4j.
284,68,2025-08-15T00:00:00,Graph data post sqlite nlp follow neo4j ai follow sqlite.
285,68,2025-08-26T00:00:00,Like follow like social music trend post python social tinyflux.
286,69,2025-08-29T00:00:00,Cloud cloud graph follow trend data trend graph social python social sqlite music nlp.
287,69,2025-08-25T00:00:00,Like mongodb cloud data cloud graph ml cloud python.
288,69,2025-08-31T00:00:00,Data ml cloud graph mongodb data stream follow sqlite mongodb tinyflux.
289,69,2025-09-10T00:00:00,Stream mongodb data nlp data post coffee follow sqlite coffee sql ml.
290,70,2025-08-30T00:00:00,Neo4j like stream stream ml.
291,70,2025-08-26T00:00:00,Tinyflux post cloud neo4j social ai tinyflux nlp social post ai ml tinyflux coffee tinyflux.
292,70,2025-09-05T00:00:00,Ml post coffee like post sql data follow python sqlite ml ai cloud ai sqlite.
293,70,2025-08-26T00:00:00,Trend follow mongodb nlp mongodb follow cloud sqlite sqlite cloud coffee.
294,70,2025-08-16T00:00:00,Ai music ai follow trend sql mongodb.
295,70,2025-09-01T00:00:00,Ml mongodb social graph coffee nlp nlp ai.
296,72,2025-08-17T00:00:00,Tinyflux ml nlp ai ml sql python.
297,72,2025-09-07T00:00:00,Data ai mongodb tinyflux follow post tinyflux neo4j neo4j python nlp.
298,72,2025-08-27T00:00:00,Neo4j mongodb sqlite post nlp tinyflux stream ml coffee data trend ml nlp.
299,72,2025-08-27T00:00:00,Like coffee sqlite ai python graph coffee sql sql like coffee mongodb post sqlite.
300,72,2025-08-16T00:00:00,Tinyflux cloud ml like sqlite cloud nlp follow graph.
301,73,2025-08-18T00:00:00,Sqlite data nlp graph graph nlp social like nlp.
302,73,2025-08-19T00:00:00,Neo4j follow cloud python sqlite graph trend stream.
303,73,2025-09-06T00:00:00,Coffee music sql neo4j nlp follow.
304,73,2025-09-06T00:00:00,Social social neo4j trend trend trend mongodb music data like.
305,73,2025-09-06T00:00:00,Follow social follow social mongodb trend music neo4j stream graph music sql.
306,73,2025-08-23T00:00:00,Tinyflux tinyflux social nlp trend graph cloud.
307,73,2025-09-07T00:00:00,Music sql follow social ai post nlp.
308,73,2025-08-21T00:00:00,Graph python tinyflux ml mongodb sql social stream social music ml like trend.
309,73,2025-09-08T00:00:00,Social cloud ai music ai post like data coffee follow graph data social.
310,73,2025-09-02T00:00:00,Graph neo4j follow follow social trend follow ml trend tinyflux trend tinyflux coffee coffee post.
311,73,2025-09-09T00:00:00,Mongodb music ml mongodb trend mongodb mongodb ml coffee post mongodb social trend.
312,74,2025-08-14T00:00:00,Stream cloud tinyflux trend stream.
313,74,2025-08-29T00:00:00,Sql stream coffee coffee mongodb ai trend stream python.
314,74,2025-09-07T00:00:00,Tinyflux follow music data cloud mongodb cloud ai sqlite.
315,75,2025-08-15T00:00:00,Python tinyflux nlp follow post follow neo4j trend mongodb stream neo4j cloud.
316,75,2025-08-21T00:00:00,Social tinyflux sqlite tinyflux stream sql coffee neo4j post cloud data tinyflux post data data.
317,75,2025-09-09T00:00:00,Nlp ml cloud stream neo4j stream cloud.
318,75,2025-08-20T00:00:00,Nlp ml ml like nlp follow post music music tinyflux music tinyflux trend music.
319,75,2025-08-18T00:00:00,Nlp tinyflux like cloud follow mongodb ml music neo4j ai graph cloud.
320,75,2025-08-23T00:00:00,Python ai music social ml like coffee python graph.
321,75,2025-09-04T00:00:00,Ai stream data ai nlp coffee nlp coffee cloud post post music.
322,76,2025-08-16T00:00:00,Mongodb social sqlite music tinyflux data mongodb mongodb cloud like coffee ai sqlite.
323,76,2025-08-26T00:00:00,Mongodb trend tinyflux neo4j social tinyflux neo4j music neo4j.
324,76,2025-08-18T00:00:00,Stream social follow stream social stream ai sqlite stream follow python sql post post.
325,76,2025-08-30T00:00:00,Data stream coffee neo4j nlp like coffee graph ai stream cloud data.
326,76,2025-08-15T00:00:00,Graph music python data coffee ml graph mongodb coffee ai data cloud coffee.
327,76,2025-08-25T00:00:00,Python like trend data sql neo4j sql stream stream like.
328,76,2025-08-20T00:00:00,Coffee neo4j data ai mongodb.
329,77,2025-09-10T00:00:00,Python follow sqlite sql neo4j.
330,77,2025-09-06T00:00:00,Coffee ml data mongodb sql follow cloud.
331,77,2025-08-17T00:00:00,Stream ml like nlp ai nlp post python.
332,77,2025-08-17T00:00:00,Data like python python sqlite.
333,77,2025-08-23T00:00:00,Sql post python graph stream data data sqlite post tinyflux follow trend sql stream post.
334,77,2025-09-09T00:00:00,Like mongodb follow tinyflux python sqlite coffee sql follow coffee like music like mongodb ai.
335,77,2025-08-12T00:00:00,Graph neo4j sqlite nlp cloud data trend sqlite stream trend post ml music follow cloud.
336,78,2025-08-31T00:00:00,Cloud post post follow music cloud graph ai tinyflux social.
337,78,2025-09-02T00:00:00,Graph post mongodb post sql follow follow ai nlp tinyflux.
338,78,2025-08-31T00:00:00,Ai follow mongodb music python stream graph graph.
339,78,2025-09-04T00:00:00,Sqlite mongodb graph neo4j tinyflux music like trend trend tinyflux python post ai follow.
340,78,2025-09-02T00:00:00,Mongodb sqlite trend ai ml sqlite sqlite trend coffee post ml music stream.
341,79,2025-08-27T00:00:00,Stream ai tinyflux ai like stream coffee cloud coffee trend.
342,79,2025-09-06T00:00:00,Follow sql sqlite follow like.
343,79,2025-08-18T00:00:00,Coffee data mongodb ai ml ai social.
344,79,2025-09-10T00:00:00,Post sql nlp follow post post stream sql data neo4j.
345,79,2025-08-26T00:00:00,Mongodb neo4j data data ai coffee.
346,79,2025-09-08T00:00:00,Social data post data mongodb ml.
347,80,2025-08-15T00:00:00,Data data post ml mongodb ml trend social mongodb nlp nlp ml mongodb music sqlite.
348,80,2025-09-02T00:00:00,Nlp coffee graph music neo4j.
349,80,2025-08-14T00:00:00,Social graph neo4j mongodb python ml tinyflux ml sql social data coffee ml follow.
350,80,2025-09-05T00:00:00,Coffee trend social music coffee coffee cloud ai neo4j sqlite.
351,80,2025-08-13T00:00:00,Stream post trend ml graph sql like social.
352,80,2025-08-22T00:00:00,Sqlite sqlite follow neo4j coffee neo4j follow mongodb.
353,80,2025-08-25T00:00:00,Graph nlp social ai sql ai sql sql mongodb sql.
354,81,2025-09-04T00:00:00,Post cloud ml post ai ai cloud neo4j music ml.
355,81,2025-09-01T00:00:00,Like cloud follow graph python sql python graph post sql graph graph python music.
356,81,2025-09-07T00:00:00,Music sqlite trend coffee sql nlp cloud cloud graph stream social mongodb ml tinyflux music.
357,81,2025-09-09T00:00:00,Social graph cloud cloud neo4j follow sql.
358,81,2025-08-13T00:00:00,Neo4j trend python music sql mongodb python music stream neo4j nlp tinyflux social social.
359,81,2025-08-31T00:00:00,Graph cloud trend social cloud stream.
360,82,2025-08-17T00:00:00,Tinyflux stream nlp follow nlp neo4j mongodb social mongodb sql.
361,85,2025-09-09T00:00:00,Nlp sql sql ml cloud graph post python.
362,85,2025-08-14T00:00:00,Social python stream sql ai stream coffee.
363,85,2025-08-26T00:00:00,Ml cloud nlp python ai ml python data like python stream stream.
364,85,2025-08-14T00:00:00,Like data data ai sql graph coffee coffee post.
365,86,2025-09-02T00:00:00,Graph mongodb music trend tinyflux stream python social python.
366,86,2025-08-23T00:00:00,Like post social ai sqlite follow follow trend sql tinyflux sql.
367,86,2025-08-19T00:00:00,Neo4j neo4j nlp post coffee data post ml like ml ml trend ai.
368,86,2025-08-16T00:00:00,Trend coffee tinyflux nlp sqlite cloud sql ml social social sqlite python neo4j neo4j.
369,86,2025-08-13T00:00:00,Graph follow coffee mongodb mongodb mongodb trend.
370,86,2025-08-24T00:00:00,Like data cloud nlp coffee follow mongodb coffee.
371,87,2025-08-17T00:00:00,Sqlite graph post mongodb ai graph.
372,88,2025-09-10T00:00:00,Python sql sqlite data data stream graph trend ml graph music.
373,88,2025-08-29T00:00:00,Nlp data follow trend music sql ml tinyflux nlp mongodb like.
374,88,2025-08-30T00:00:00,Stream sqlite python ai music data cloud post.
375,88,2025-08-28T00:00:00,Like trend nlp neo4j tinyflux python trend nlp tinyflux tinyflux.
376,88,2025-08-21T00:00:00,Mongodb post graph sql trend tinyflux nlp like graph neo4j cloud.
377,88,2025-08-13T00:00:00,Trend graph trend stream sqlite data tinyflux like.
378,88,2025-09-10T00:00:00,Ml social music cloud social stream social ml graph sql ai ai.
379,89,2025-09-01T00:00:00,Tinyflux cloud tinyflux trend cloud ai music like coffee tinyflux nlp data stream sql follow.
380,89,2025-08-16T00:00:00,Post post graph ai music python stream cloud data social sqlite graph.
381,89,2025-08-23T00:00:00,Sql ai sqlite sql sqlite post post.
382,90,2025-09-01T00:00:00,Tinyflux trend cloud coffee data ai social social like cloud sql data ml follow coffee.
383,90,2025-08-18T00:00:00,Sqlite sql trend social post graph graph ml music coffee neo4j graph sql stream like.
384,90,2025-08-15T00:00:00,Sql cloud graph ml coffee cloud nlp data.
385,91,2025-09-07T00:00:00,Mongodb cloud data sql coffee neo4j follow music stream.
386,91,2025-09-10T00:00:00,Graph follow neo4j follow sqlite sqlite follow sqlite coffee mongodb trend coffee trend nlp.
387,93,2025-08-22T00:00:00,Mongodb neo4j cloud mongodb sql.
388,93,2025-08-30T00:00:00,Sql mongodb trend coffee tinyflux.
389,93,2025-09-05T00:00:00,Mongodb data cloud python graph sql ai like.
390,93,2025-08-31T00:00:00,Tinyflux coffee python mongodb social stream follow mongodb python ai post coffee.
391,93,2025-08-19T00:00:00,Stream like sqlite sql sqlite tinyflux mongodb cloud.
392,94,2025-08-22T00:00:00,Ml ai trend data graph mongodb music.
393,94,2025-08-18T00:00:00,Data neo4j post like sql data tinyflux.
394,94,2025-08-21T00:00:00,Tinyflux sql graph sql python ml mongodb.
395,94,2025-08-20T00:00:00,Data follow cloud graph ml stream tinyflux social post social ai cloud.
396,94,2025-09-08T00:00:00,Social like neo4j graph tinyflux python.
397,94,2025-08-26T00:00:00,Nlp cloud mongodb data music nlp graph graph ai.
398,94,2025-08-28T00:00:00,Nlp like like follow cloud nlp mongodb neo4j ml ai.
399,94,2025-09-10T00:00:00,Cloud neo4j graph ml python like.
400,94,2025-09-04T00:00:00,Stream nlp sqlite sqlite sqlite like tinyflux sql ai post.
401,94,2025-09-01T00:00:00,Ai sqlite music mongodb like music sql neo4j sqlite graph music data tinyflux cloud tinyflux.
402,95,2025-09-09T00:00:00,Stream graph ml post python coffee.
403,95,2025-08-29T00:00:00,Trend neo4j tinyflux social like trend music neo4j social post python sql tinyflux sqlite ai.
404,95,2025-08-17T00:00:00,Ai data sqlite stream sqlite tinyflux graph cloud tinyflux graph graph like.
405,95,2025-08-26T00:00:00,Post graph data graph social python like ml mongodb mongodb trend graph python cloud.
406,97,2025-08-20T00:00:00,Coffee neo4j nlp sqlite music data.
407,97,2025-09-05T00:00:00,Sqlite social ai sql social.
408,97,2025-08-24T00:00:00,Stream follow python nlp social mongodb coffee sqlite coffee coffee sql cloud cloud mongodb.
409,97,2025-08-23T00:00:00,Post ai trend ml post like ai music stream follow.
410,97,2025-09-05T00:00:00,Cloud mongodb sqlite nlp ml graph follow follow.
411,97,2025-09-07T00:00:00,Ai cloud ai post coffee ml mongodb ml mongodb data.
412,97,2025-08-25T00:00:00,Follow trend like tinyflux python graph music stream neo4j trend stream music.
413,99,2025-09-06T00:00:00,Coffee sqlite stream trend graph ml.
414,100,2025-08-15T00:00:00,Sqlite sql sql social sqlite data ml tinyflux graph like like social.
415,100,2025-08-19T00:00:00,Sqlite follow sqlite sqlite like mongodb nlp social coffee.
416,100,2025-08-19T00:00:00,Social mongodb mongodb cloud tinyflux tinyflux cloud mongodb neo4j trend post sql music data.
417,100,2025-08-14T00:00:00,Tinyflux like tinyflux music cloud trend follow neo4j ai data.
418,101,2025-08-29T00:00:00,Post follow coffee cloud sqlite social stream mongodb.
419,101,2025-08-19T00:00:00,Cloud stream nlp music like post.
420,101,2025-08-27T00:00:00,Nlp mongodb music sqlite post tinyflux neo4j coffee follow music follow tinyflux nlp post nlp.
421,101,2025-09-03T00:00:00,Data post graph tinyflux post like sql tinyflux like social trend.
422,101,2025-09-04T00:00:00,Python post like graph ai cloud ml nlp coffee cloud data.
423,102,2025-09-04T00:00:00,Python like tinyflux stream data coffee social trend data.
424,103,2025-09-10T00:00:00,Nlp graph music sqlite python music sql tinyflux tinyflux.
425,103,2025-08-12T00:00:00,Tinyflux neo4j sqlite follow music follow ml post like data.
426,103,2025-08-27T00:00:00,Like music stream coffee ml music tinyflux.
427,103,2025-08-19T00:00:00,Music cloud coffee neo4j graph.
428,104,2025-09-04T00:00:00,Social follow sqlite data nlp post cloud mongodb ml ai music.
429,104,2025-08-15T00:00:00,Mongodb like sql neo4j follow nlp sqlite data neo4j cloud follow tinyflux.
430,104,2025-08-21T00:00:00,Music coffee tinyflux trend stream ml tinyflux cloud post social stream data post stream.
431,104,2025-09-07T00:00:00,Music social follow trend graph neo4j graph neo4j post music music sql graph neo4j trend.
432,104,2025-08-13T00:00:00,Follow stream cloud stream ml like.
433,104,2025-08-12T00:00:00,Coffee like stream social sqlite ml neo4j sqlite.
434,104,2025-08-28T00:00:00,Mongodb stream sqlite sqlite ai ai music trend sql music.
435,105,2025-08-29T00:00:00,Neo4j python tinyflux ml stream python mongodb graph.
436,105,2025-08-26T00:00:00,Like sqlite like music sql mongodb.
437,105,2025-08-20T00:00:00,Sqlite graph cloud sqlite post mongodb ml graph follow ml ai mongodb data music music.
438,105,2025-08-29T00:00:00,Data mongodb cloud coffee python trend sql ai cloud follow cloud.
439,105,2025-08-15T00:00:00,Graph tinyflux coffee post nlp stream.
440,105,2025-09-03T00:00:00,Trend neo4j mongodb trend graph like cloud coffee tinyflux follow stream neo4j post nlp.
441,105,2025-08-16T00:00:00,Ai stream graph music cloud tinyflux data tinyflux follow.
442,106,2025-09-03T00:00:00,Sqlite ml nlp ml cloud nlp python follow.
443,106,2025-08-28T00:00:00,Coffee trend like ml coffee data data tinyflux.
444,106,2025-08-14T00:00:00,Neo4j data python like post ai like.
445,106,2025-09-02T00:00:00,Like music nlp sqlite sqlite stream music ai graph post ai ml stream.
446,106,2025-08-23T00:00:00,Follow sqlite like follow like sqlite ai ml.
447,106,2025-08-17T00:00:00,Like social like graph cloud music cloud data nlp graph follow coffee sqlite post trend.
448,106,2025-09-08T00:00:00,Python nlp python ai mongodb cloud.
449,106,2025-09-10T00:00:00,Like follow stream trend like trend post data ai.
450,107,2025-08-26T00:00:00,Python music coffee tinyflux ml ai ml graph stream trend.
451,107,2025-08-25T00:00:00,Like ai social python nlp cloud.
452,107,2025-08-23T00:00:00,Trend stream python follow sqlite ml music tinyflux ai trend tinyflux.
453,107,2025-08-15T00:00:00,Python music ml coffee ai sqlite like follow.
454,107,2025-08-20T00:00:00,Ml neo4j social tinyflux coffee social.
455,107,2025-09-09T00:00:00,Stream like post cloud music music ai graph stream social sql.
456,107,2025-09-02T00:00:00,Ml neo4j ai nlp python data ml mongodb tinyflux graph.
457,107,2025-08-20T00:00:00,Trend follow sql post graph tinyflux.
458,107,2025-09-06T00:00:00,Tinyflux stream graph follow neo4j mongodb.
459,107,2025-08-19T00:00:00,Music ai follow like ml mongodb.
460,108,2025-08-14T00:00:00,Cloud stream tinyflux follow sql.
461,108,2025-08-25T00:00:00,Data ml data music cloud like tinyflux sql trend graph ai sqlite.
462,108,2025-08-22T00:00:00,Python python mongodb ml python nlp coffee music.
463,108,2025-09-02T00:00:00,Sqlite social music cloud post.
464,108,2025-09-04T00:00:00,Stream cloud sqlite sql cloud trend music tinyflux music neo4j like sqlite graph tinyflux.
465,108,2025-09-10T00:00:00,Data stream coffee tinyflux follow sql.
466,108,2025-09-04T00:00:00,Ai graph neo4j python trend trend like.
467,109,2025-08-23T00:00:00,Ml tinyflux like data ml like stream ai neo4j sqlite.
468,109,2025-08-16T00:00:00,Ai neo4j social sqlite tinyflux cloud sqlite trend follow.
469,109,2025-08-17T00:00:00,Social cloud social ml python graph graph sql sqlite trend social nlp.
470,109,2025-09-03T00:00:00,Python trend python python music sql stream python mongodb like python music trend.
471,110,2025-08-13T00:00:00,Follow follow sql music mongodb mongodb follow coffee like trend python music trend python follow.
472,110,2025-09-01T00:00:00,Post sql follow graph follow.
473,110,2025-08-29T00:00:00,Follow social social music tinyflux cloud sqlite trend mongodb neo4j post sql python neo4j post.
474,110,2025-09-05T00:00:00,Graph sql tinyflux cloud like data graph graph trend graph nlp.
475,110,2025-09-04T00:00:00,Mongodb ai graph graph cloud mongodb data.
476,110,2025-08-14T00:00:00,Sql like follow music stream tinyflux post mongodb cloud ai post.
477,110,2025-09-05T00:00:00,Like music social python like neo4j social ai social stream post trend data music social.
478,111,2025-09-09T00:00:00,Post coffee nlp sql stream python stream ai ai stream music trend.
479,111,2025-08-25T00:00:00,Ai sql sql cloud cloud python like.
480,111,2025-09-02T00:00:00,Sqlite tinyflux like nlp follow sql follow python data coffee cloud.
481,111,2025-09-10T00:00:00,Trend mongodb graph stream neo4j sqlite.
482,111,2025-08-16T00:00:00,Sqlite mongodb python trend python nlp cloud python like social social trend follow social music.
483,111,2025-08-16T00:00:00,Ml social follow post music ml tinyflux music coffee music social.
484,112,2025-08-23T00:00:00,Nlp nlp follow mongodb mongodb music like like cloud stream.
485,112,2025-08-29T00:00:00,Nlp stream sql data tinyflux stream social post sql data cloud sql trend.
486,112,2025-08-23T00:00:00,Nlp music music like cloud post social music nlp post neo4j like ml.
487,112,2025-08-18T00:00:00,Data music follow tinyflux cloud ai follow cloud.
488,112,2025-09-03T00:00:00,Sqlite data post trend ai cloud.
489,112,2025-08-14T00:00:00,Data neo4j post music graph tinyflux tinyflux sqlite.
490,113,2025-08-21T00:00:00,Ml coffee social sqlite python graph trend ai social stream ai post.
491,113,2025-09-02T00:00:00,Neo4j post like stream tinyflux ml graph follow stream follow music sql.
492,113,2025-08-31T00:00:00,Sql graph tinyflux neo4j post.
493,113,2025-09-07T00:00:00,Nlp sqlite ml cloud data cloud ml python music cloud social coffee.
494,113,2025-08-19T00:00:00,Graph music sql ai like graph sql like sql.
495,114,2025-08-14T00:00:00,Neo4j neo4j social ai coffee like ai cloud python cloud graph social tinyflux follow.
496,114,2025-09-03T00:00:00,Data ml tinyflux music post graph neo4j cloud neo4j trend python graph nlp trend data.
497,115,2025-09-03T00:00:00,Trend post sqlite social graph follow stream tinyflux.
498,116,2025-09-01T00:00:00,Like coffee social coffee cloud trend ml trend social cloud sql mongodb data.
499,116,2025-08-16T00:00:00,Mongodb nlp post music trend stream follow social data data coffee like graph python.
500,116,2025-08-23T00:00:00,Data graph social python nlp python trend sqlite music music.
501,116,2025-08-30T00:00:00,Ai trend ml trend like music cloud post follow cloud sqlite stream.
502,117,2025-08-20T00:00:00,Ai follow data social sqlite neo4j graph music cloud neo4j trend sql trend sqlite coffee.
503,117,2025-08-26T00:00:00,Stream post music graph music follow cloud ml ml data coffee mongodb sql tinyflux music.
504,117,2025-08-26T00:00:00,Stream like music sql neo4j.
505,117,2025-08-31T00:00:00,Data post social follow sql sql ai social ml python graph.
506,117,2025-08-16T00:00:00,Python data trend nlp ml sql.
507,118,2025-09-09T00:00:00,Graph data trend ml follow python graph like nlp.
508,118,2025-08-29T00:00:00,Follow ml like neo4j post neo4j trend.
509,119,2025-08-18T00:00:00,Tinyflux neo4j music sqlite post tinyflux.
510,119,2025-09-07T00:00:00,Ai trend like nlp coffee social sqlite python tinyflux follow.
511,119,2025-09-07T00:00:00,Mongodb mongodb neo4j ai tinyflux graph sqlite.
512,119,2025-09-05T00:00:00,Mongodb sql sql graph sqlite follow cloud.
513,119,2025-08-23T00:00:00,Coffee coffee post music nlp.
514,119,2025-08-26T00:00:00,Ml cloud stream stream social music graph ml graph neo4j stream.
515,120,2025-08-24T00:00:00,Post sqlite ml python mongodb like trend follow post.
516,120,2025-08-15T00:00:00,Mongodb mongodb ml nlp social like.
517,120,2025-08-15T00:00:00,Ml neo4j ai python ml sql nlp cloud graph nlp music follow like ml post.
518,120,2025-09-03T00:00:00,Ai cloud sql python trend python post social ml sql like.
519,120,2025-08-25T00:00:00,Ai graph cloud post post.
520,120,2025-08-31T00:00:00,Coffee follow follow sql follow graph mongodb post post neo4j.
521,120,2025-08-16T00:00:00,Cloud tinyflux ml coffee graph sql tinyflux music music neo4j cloud social like post graph.
522,120,2025-08-22T00:00:00,Data ai ai social graph mongodb stream follow.
523,120,2025-08-30T00:00:00,Ai tinyflux follow mongodb social graph sqlite sql graph post tinyflux.
524,120,2025-09-06T00:00:00,Social sqlite python like mongodb mongodb neo4j music nlp neo4j music.
525,120,2025-08-21T00:00:00,Trend data nlp cloud post cloud nlp ai data.
526,122,2025-09-01T00:00:00,Sql ml trend mongodb nlp graph.
527,122,2025-08-21T00:00:00,Like sqlite mongodb trend music.
528,122,2025-08-22T00:00:00,Nlp mongodb stream graph tinyflux like graph ai ai stream.
529,122,2025-08-16T00:00:00,Trend music sql coffee sql tinyflux like python.
530,122,2025-08-27T00:00:00,Follow coffee neo4j python tinyflux nlp stream cloud.
531,122,2025-08-18T00:00:00,Graph sqlite trend python cloud neo4j social coffee social.
532,123,2025-09-04T00:00:00,Ml ml neo4j python coffee music cloud graph cloud trend post ml.
533,123,2025-09-09T00:00:00,Follow python ml mongodb trend.
534,123,2025-08-28T00:00:00,Cloud music post ml graph sql sql cloud music coffee.
535,123,2025-08-12T00:00:00,Sqlite tinyflux sql neo4j coffee sql data python sql sql.
536,124,2025-08-29T00:00:00,Tinyflux like post sqlite neo4j mongodb sqlite ml post.
537,124,2025-08-18T00:00:00,Ai nlp ai python music nlp mongodb neo4j.
538,124,2025-08-19T00:00:00,Ai ai social neo4j ai nlp music follow ai stream stream coffee ai nlp.
539,124,2025-09-07T00:00:00,Tinyflux python social ml neo4j coffee mongodb cloud sqlite nlp post.
540,124,2025-09-10T00:00:00,Post like music sql post music.
541,124,2025-08-22T00:00:00,Sql data tinyflux post post stream ai sqlite data trend ai.
542,125,2025-08-13T00:00:00,Data coffee mongodb post python graph music nlp music.
543,125,2025-09-08T00:00:00,Social trend follow ml ml music stream.
544,125,2025-08-30T00:00:00,Sqlite follow coffee tinyflux sql python python data neo4j trend sqlite tinyflux.
545,126,2025-08-18T00:00:00,Data nlp sql sqlite nlp cloud.
546,126,2025-08-27T00:00:00,Coffee post social stream coffee like.
547,126,2025-09-03T00:00:00,Sqlite post music music like cloud nlp mongodb sql ml data ml.
548,126,2025-09-02T00:00:00,Follow neo4j music nlp music music ai nlp python.
549,127,2025-08-27T00:00:00,Stream cloud music neo4j cloud sql cloud ml coffee ml cloud ai cloud like graph.
550,127,2025-08-18T00:00:00,Graph python mongodb stream music ai sql music music trend neo4j.
551,127,2025-08-19T00:00:00,Stream python trend sqlite ml cloud.
552,127,2025-08-19T00:00:00,Nlp graph sql mongodb tinyflux python ai graph like.
553,127,2025-08-31T00:00:00,Tinyflux trend sqlite graph sqlite graph coffee nlp follow sqlite ml ai.
554,128,2025-08-20T00:00:00,Graph social ai cloud nlp ai.
555,128,2025-09-08T00:00:00,Nlp ai ai sqlite python sql stream social.
556,128,2025-09-05T00:00:00,Data post coffee nlp cloud stream.
557,128,2025-09-02T00:00:00,Python nlp post coffee coffee stream sqlite trend post nlp python stream.
558,130,2025-09-01T00:00:00,Music ml sql follow cloud.
559,130,2025-08-12T00:00:00,Neo4j sqlite ml sql data like cloud music.
560,130,2025-08-20T00:00:00,Sqlite trend ml follow stream python sqlite trend cloud ml follow coffee ai stream coffee.
561,130,2025-08-31T00:00:00,Ml nlp follow social python follow.
562,132,2025-08-27T00:00:00,Music sqlite stream python neo4j graph nlp data python nlp sql post music nlp ai.
563,132,2025-08-23T00:00:00,Post ai music trend social stream follow neo4j follow tinyflux music tinyflux ml like python.
564,132,2025-08-13T00:00:00,Like sql sqlite cloud cloud like trend like neo4j graph ml trend.
565,132,2025-09-06T00:00:00,Music social python ml graph coffee python like nlp graph social post data stream.
566,132,2025-09-03T00:00:00,Stream sqlite cloud cloud nlp follow nlp like ai social.
567,132,2025-08-14T00:00:00,Mongodb coffee sql stream music stream neo4j.
568,134,2025-08-21T00:00:00,Social cloud ml ai post.
569,134,2025-09-08T00:00:00,Nlp data data post mongodb coffee data python nlp coffee data tinyflux sqlite.
570,134,2025-09-04T00:00:00,Tinyflux stream neo4j follow music.
571,134,2025-09-09T00:00:00,Mongodb graph mongodb tinyflux like post mongodb sql data graph trend stream sql music ai.
572,134,2025-08-28T00:00:00,Cloud like python nlp graph sql post python mongodb ml sqlite music.
573,134,2025-08-16T00:00:00,Ai music tinyflux sql stream sqlite sql nlp python music neo4j cloud python cloud social.
574,134,2025-08-26T00:00:00,Post music python music cloud neo4j ai sqlite sqlite ml like.
575,134,2025-08-23T00:00:00,Nlp tinyflux python follow cloud trend stream.
576,135,2025-08-23T00:00:00,Cloud data sqlite cloud tinyflux coffee tinyflux social python social coffee cloud like.
577,135,2025-09-01T00:00:00,Cloud nlp sqlite neo4j like social stream music coffee follow coffee mongodb.
578,135,2025-08-24T00:00:00,Ai trend graph data music like.
579,135,2025-08-27T00:00:00,Social follow post tinyflux sql trend graph trend social ml.
580,135,2025-08-14T00:00:00,Mongodb music post data social.
581,135,2025-08-31T00:00:00,Post like coffee sqlite cloud follow neo4j graph python ml python sql graph post post.
582,136,2025-08-18T00:00:00,Neo4j mongodb sqlite sql post trend.
583,136,2025-08-23T00:00:00,Neo4j trend coffee sqlite follow tinyflux stream graph sql post stream.
584,136,2025-08-23T00:00:00,Trend trend post ml mongodb trend neo4j music stream music nlp data stream ai.
585,136,2025-09-07T00:00:00,Like python tinyflux data trend follow data neo4j trend.
586,136,2025-09-10T00:00:00,Stream cloud data sqlite music nlp like python ai coffee python coffee social music.
587,136,2025-08-29T00:00:00,Like sqlite trend sql data like like tinyflux social ai.
588,138,2025-08-14T00:00:00,Neo4j mongodb data neo4j like python ai ai stream sqlite ml.
589,138,2025-08-21T00:00:00,Ai data social post stream trend sqlite tinyflux.
590,138,2025-08-29T00:00:00,Data social sqlite ml ml music ml trend follow cloud graph ml.
591,138,2025-08-13T00:00:00,Sql neo4j sql tinyflux trend social neo4j follow.
592,139,2025-08-12T00:00:00,Post data music graph ai coffee sqlite sql.
593,139,2025-08-21T00:00:00,Mongodb nlp music data python stream nlp.
594,139,2025-09-04T00:00:00,Trend trend ml coffee cloud neo4j trend sql trend coffee.
595,139,2025-08-29T00:00:00,Music coffee ml follow nlp data like post stream coffee neo4j music tinyflux.
596,139,2025-09-06T00:00:00,Ai sql ml social follow ai post.
597,139,2025-08-20T00:00:00,Neo4j coffee follow data trend cloud ai cloud ml.
598,139,2025-08-19T00:00:00,Cloud sqlite stream sqlite ai social like like.
599,139,2025-09-05T00:00:00,Like like post neo4j social coffee post ml ml tinyflux.
600,140,2025-09-04T00:00:00,Post neo4j follow like python.
601,140,2025-08-29T00:00:00,Ml tinyflux social python follow nlp follow sql like python sqlite python.
602,140,2025-08-19T00:00:00,Python neo4j ai python python python sqlite social ai coffee sqlite post post.
603,141,2025-08-26T00:00:00,Ai ai ai cloud mongodb neo4j ml neo4j data trend neo4j follow.
604,142,2025-08-26T00:00:00,Python social python nlp sql graph trend.
605,142,2025-09-01T00:00:00,Sql sqlite graph stream ml.
606,142,2025-08-22T00:00:00,Neo4j sql follow follow follow.
607,143,2025-08-12T00:00:00,Post post stream ai sql music stream music data sql neo4j post sqlite data ml.
608,143,2025-08-21T00:00:00,Ai mongodb cloud follow trend cloud like.
609,143,2025-08-21T00:00:00,Ai cloud python graph neo4j music sql coffee tinyflux tinyflux social tinyflux like cloud.
610,143,2025-08-30T00:00:00,Sqlite graph social mongodb follow.
611,144,2025-09-10T00:00:00,Neo4j follow mongodb tinyflux stream music trend social.
612,144,2025-08-31T00:00:00,Sqlite stream coffee graph neo4j like coffee social follow sql coffee follow.
613,145,2025-09-03T00:00:00,Ml follow ml data neo4j data cloud nlp.
614,145,2025-08-19T00:00:00,Social sql post follow like sql like sqlite sqlite mongodb social coffee.
615,145,2025-08-15T00:00:00,Ml stream music nlp trend graph.
616,145,2025-08-17T00:00:00,Ai music python neo4j like tinyflux music ai ml sqlite follow music.
617,145,2025-09-08T00:00:00,Like like cloud ml neo4j tinyflux music trend trend neo4j mongodb follow ai.
618,145,2025-09-04T00:00:00,Like like mongodb tinyflux ml social tinyflux tinyflux tinyflux neo4j.
619,145,2025-09-07T00:00:00,Data trend neo4j cloud mongodb cloud ml stream neo4j like data python coffee.
620,145,2025-08-30T00:00:00,Trend neo4j post ml coffee coffee graph music post tinyflux follow sql stream.
621,146,2025-08-30T00:00:00,Coffee coffee graph python nlp sql graph like python mongodb music sql python data.
622,146,2025-08-29T00:00:00,Social ai like follow stream social ai post ai sql like neo4j tinyflux.
623,146,2025-08-28T00:00:00,Post python music tinyflux post ml ml.
624,146,2025-08-20T00:00:00,Trend follow tinyflux music cloud data.
625,147,2025-09-06T00:00:00,Tinyflux coffee stream python mongodb stream social tinyflux.
626,147,2025-08-22T00:00:00,Ml like social coffee post.
627,147,2025-09-02T00:00:00,Ai mongodb ai music cloud like sqlite python graph post tinyflux python graph trend follow.
628,148,2025-09-08T00:00:00,Ai data neo4j sql graph ml python cloud.
629,149,2025-08-30T00:00:00,Mongodb nlp sqlite graph coffee sql python nlp.
630,149,2025-09-06T00:00:00,Cloud cloud nlp data music trend social python follow coffee sqlite music nlp coffee music.
631,149,2025-09-03T00:00:00,Tinyflux social nlp post nlp ml sql python stream trend social.
632,149,2025-08-13T00:00:00,Social python coffee cloud ml cloud like python tinyflux coffee post coffee ml.
633,149,2025-08-30T00:00:00,Stream social music follow mongodb music stream.
634,149,2025-09-04T00:00:00,Post data tinyflux like social.
635,150,2025-08-29T00:00:00,Sqlite stream cloud graph graph stream.
636,150,2025-09-08T00:00:00,Python graph cloud ml neo4j sql ai post.
637,150,2025-09-05T00:00:00,Music cloud nlp graph coffee sql social sql python music social sqlite music.
638,150,2025-09-04T00:00:00,Trend data stream tinyflux tinyflux ai tinyflux stream like.
639,150,2025-08-15T00:00:00,Social graph mongodb coffee coffee stream ai python sql python sqlite nlp python data.
640,150,2025-08-25T00:00:00,Python python tinyflux stream cloud follow tinyflux follow social tinyflux nlp neo4j ai.
641,151,2025-09-05T00:00:00,Ml nlp music coffee music mongodb data neo4j.
642,151,2025-08-18T00:00:00,Neo4j data ml post stream post social data nlp ml tinyflux post.
643,153,2025-08-13T00:00:00,Sqlite neo4j trend python sql neo4j nlp nlp follow sql.
644,153,2025-08-26T00:00:00,Stream trend follow data music sqlite cloud social graph tinyflux graph ml.
645,153,2025-08-15T00:00:00,Trend nlp mongodb stream music.
646,153,2025-09-08T00:00:00,Ml ai music follow tinyflux trend python coffee trend neo4j graph python sqlite.
647,153,2025-09-06T00:00:00,Follow cloud mongodb nlp sql coffee tinyflux follow like graph tinyflux nlp coffee graph.
648,153,2025-08-27T00:00:00,Follow ai tinyflux graph data nlp.
649,154,2025-08-15T00:00:00,Mongodb neo4j data mongodb trend.
650,154,2025-08-23T00:00:00,Ai graph python like ml tinyflux cloud social like neo4j mongodb sql neo4j music sql.
651,154,2025-08-17T00:00:00,Neo4j music stream mongodb cloud neo4j trend mongodb follow.
652,154,2025-09-04T00:00:00,Sqlite nlp graph social follow data post music graph trend coffee trend data stream.
653,155,2025-08-26T00:00:00,Sqlite coffee stream music neo4j cloud cloud nlp coffee stream stream.
654,155,2025-09-09T00:00:00,Post follow like post tinyflux post neo4j nlp social sqlite neo4j ml coffee ai.
655,155,2025-08-23T00:00:00,Social coffee ml mongodb trend like graph cloud like follow graph cloud.
656,155,2025-08-18T00:00:00,Neo4j coffee like like stream.
657,155,2025-08-12T00:00:00,Python mongodb mongodb cloud follow tinyflux python data neo4j ai tinyflux nlp mongodb nlp.
658,155,2025-08-17T00:00:00,Tinyflux mongodb stream music cloud mongodb tinyflux tinyflux graph trend data post.
659,156,2025-08-15T00:00:00,Ml tinyflux coffee trend python.
660,156,2025-09-08T00:00:00,Sqlite tinyflux coffee sqlite trend trend graph follow.
661,156,2025-09-04T00:00:00,Stream like ml post sqlite data post stream tinyflux data.
662,156,2025-08-26T00:00:00,Python graph stream graph tinyflux.
663,156,2025-09-07T00:00:00,Coffee neo4j music nlp post.
664,156,2025-08-14T00:00:00,Like data like graph data coffee mongodb ai graph ai mongodb nlp trend like.
665,156,2025-08-21T00:00:00,Mongodb like graph social music data tinyflux graph music coffee sql graph trend graph python.
666,156,2025-09-03T00:00:00,Python nlp neo4j coffee mongodb ml mongodb post ai post cloud stream.
667,156,2025-08-18T00:00:00,Coffee post social sql sqlite stream post social data social python.
668,156,2025-08-26T00:00:00,Ai music sqlite graph music neo4j cloud cloud neo4j.
669,157,2025-08-13T00:00:00,Tinyflux mongodb trend ai ml coffee mongodb music like coffee.
670,157,2025-08-26T00:00:00,Graph ai post nlp neo4j ml cloud post python cloud coffee sqlite coffee.
671,157,2025-09-10T00:00:00,Social like stream ml social follow ml ai.
672,157,2025-08-28T00:00:00,Like trend follow like graph follow social.
673,158,2025-08-16T00:00:00,Coffee follow follow coffee social post nlp graph ai music trend coffee data sql sql.
674,158,2025-08-14T00:00:00,Graph neo4j social ai graph data stream cloud.
675,158,2025-08-18T00:00:00,Sqlite post tinyflux social data music social music social trend post tinyflux.
676,159,2025-08-25T00:00:00,Cloud data nlp tinyflux neo4j sql mongodb social cloud coffee post mongodb social like.
677,160,2025-09-01T00:00:00,Music graph sql ml coffee sqlite ml python.
678,160,2025-08-24T00:00:00,Post ai follow ml graph sqlite post nlp data sqlite music trend post ai coffee.
679,160,2025-08-30T00:00:00,Cloud nlp nlp follow ml social coffee python mongodb mongodb post nlp cloud.
680,160,2025-08-27T00:00:00,Post follow music graph ml social trend data ai like.
681,161,2025-09-03T00:00:00,Python stream mongodb trend ml nlp ai trend nlp data neo4j cloud ml sqlite.
682,161,2025-09-05T00:00:00,Stream graph cloud ai coffee.
683,161,2025-09-01T00:00:00,Neo4j cloud ai tinyflux sql.
684,161,2025-08-14T00:00:00,Data tinyflux mongodb ml python follow sqlite sql post post tinyflux stream nlp.
685,161,2025-08-14T00:00:00,Cloud music follow mongodb trend cloud follow data like tinyflux.
686,162,2025-08-25T00:00:00,Ai follow python sqlite trend post ml music graph python coffee.
687,162,2025-08-28T00:00:00,Trend sql social cloud nlp social ml tinyflux social python sqlite mongodb like.
688,162,2025-09-02T00:00:00,Python ml ai ml music python neo4j follow coffee.
689,162,2025-08-19T00:00:00,Ai coffee data python tinyflux post neo4j mongodb.
690,162,2025-08-22T00:00:00,Cloud like ai coffee coffee ml nlp tinyflux sql sqlite sqlite python ai.
691,163,2025-09-08T00:00:00,Follow mongodb neo4j coffee sql follow cloud python coffee sqlite ai mongodb graph cloud.
692,163,2025-08-25T00:00:00,Follow ai follow neo4j nlp sql like music mongodb post data.
693,163,2025-08-18T00:00:00,Follow neo4j graph graph social tinyflux ml ml.
694,163,2025-09-05T00:00:00,Ml neo4j coffee cloud music trend follow social.
695,163,2025-08-22T00:00:00,Stream cloud trend nlp nlp post ml like graph python stream coffee nlp.
696,163,2025-08-17T00:00:00,Like cloud sqlite follow ml mongodb mongodb music mongodb follow neo4j tinyflux like coffee sql.
697,163,2025-08-30T00:00:00,Nlp data cloud tinyflux trend sqlite neo4j trend trend graph cloud trend graph like like.
698,163,2025-08-22T00:00:00,Python trend sql nlp sql mongodb follow.
699,163,2025-09-06T00:00:00,Follow stream music mongodb coffee like graph.
700,163,2025-08-26T00:00:00,Ai ai sqlite trend follow trend.
701,164,2025-08-14T00:00:00,Follow trend stream tinyflux mongodb follow tinyflux ml post data post.
702,164,2025-09-07T00:00:00,Cloud tinyflux stream mongodb ml.
703,164,2025-08-15T00:00:00,Music python post social music graph.
704,164,2025-08-25T00:00:00,Coffee like social sql data mongodb data trend nlp sql python python ml social sqlite.
705,164,2025-08-30T00:00:00,Neo4j social music python sql cloud cloud python like.
706,164,2025-08-17T00:00:00,Mongodb nlp ml python tinyflux sqlite music python cloud mongodb ai sql coffee neo4j.
707,165,2025-08-20T00:00:00,Tinyflux tinyflux follow ml mongodb graph coffee graph trend coffee.
708,165,2025-08-23T00:00:00,Trend nlp graph stream graph trend ai like coffee coffee sql.
709,165,2025-08-20T00:00:00,Social social mongodb cloud nlp like like post post social stream sql sql sqlite.
710,165,2025-08-24T00:00:00,Data coffee data neo4j stream tinyflux trend follow data neo4j sql python tinyflux sqlite sqlite.
711,166,2025-08-19T00:00:00,Sqlite nlp ai mongodb neo4j data graph post.
712,166,2025-08-14T00:00:00,Stream data sql neo4j neo4j nlp stream.
713,167,2025-09-06T00:00:00,Coffee mongodb graph music data.
714,167,2025-08-18T00:00:00,Stream sql nlp neo4j neo4j trend.
715,167,2025-08-15T00:00:00,Social graph post mongodb nlp ai social mongodb nlp graph stream stream.
716,167,2025-09-01T00:00:00,Python stream coffee sqlite stream mongodb music social graph.
717,167,2025-08-12T00:00:00,Trend stream nlp graph social sqlite data trend coffee sqlite.
718,168,2025-09-07T00:00:00,Graph music sql coffee coffee social nlp.
719,168,2025-09-02T00:00:00,Like sql sqlite coffee graph cloud graph graph sqlite.
720,169,2025-08-22T00:00:00,Follow sqlite social social python like nlp trend coffee music coffee cloud tinyflux.
721,169,2025-08-26T00:00:00,Ml cloud ml social ml follow cloud post follow.
722,169,2025-09-05T00:00:00,Ai tinyflux sql tinyflux python cloud coffee social coffee.
723,169,2025-08-29T00:00:00,Social mongodb ml python data graph tinyflux like.
724,169,2025-08-30T00:00:00,Follow like social cloud follow tinyflux sql follow neo4j data data coffee.
725,170,2025-08-29T00:00:00,Ml python nlp trend data follow tinyflux post trend neo4j.
726,170,2025-08-30T00:00:00,Neo4j ml coffee stream sqlite neo4j post sqlite.
727,170,2025-08-16T00:00:00,Trend sqlite tinyflux follow cloud social.
728,170,2025-09-04T00:00:00,Graph nlp nlp coffee sqlite tinyflux python tinyflux.
729,170,2025-08-12T00:00:00,Music ml cloud nlp ai stream like.
730,170,2025-08-28T00:00:00,Ai ml ai stream social social nlp neo4j mongodb tinyflux.
731,171,2025-08-30T00:00:00,Follow social stream social post data.
732,171,2025-09-10T00:00:00,Mongodb follow social social ml python nlp trend tinyflux sqlite data mongodb.
733,171,2025-08-22T00:00:00,Stream sqlite post ml ai neo4j ai post ai sql ml python.
734,171,2025-08-19T00:00:00,Sqlite coffee nlp sqlite social neo4j cloud trend trend graph social sql graph ai.
735,172,2025-08-31T00:00:00,Social stream follow coffee coffee.
736,172,2025-08-19T00:00:00,Sql coffee ml python like sql cloud music trend ml post cloud ml tinyflux tinyflux.
737,172,2025-08-24T00:00:00,Ml cloud sql cloud post.
738,174,2025-08-14T00:00:00,Stream neo4j stream graph sql like tinyflux.
739,174,2025-08-23T00:00:00,Ml sql data stream nlp stream like ai cloud ml.
740,174,2025-09-08T00:00:00,Cloud like post ml post coffee.
741,174,2025-09-03T00:00:00,Sqlite post trend ai follow tinyflux.
742,174,2025-09-09T00:00:00,Ai post graph ai stream music nlp ai neo4j sql.
743,174,2025-09-04T00:00:00,Python mongodb post ml graph stream graph post sqlite cloud like social ai sql ml.
744,174,2025-08-23T00:00:00,Mongodb ai ai ai nlp tinyflux music ml stream.
745,174,2025-09-05T00:00:00,Tinyflux graph music coffee sql ml data follow nlp ml trend ml trend post.
746,175,2025-08-12T00:00:00,Nlp trend python coffee stream follow sqlite data nlp.
747,175,2025-09-07T00:00:00,Graph sql music like sql data data ml trend music sql graph sqlite coffee.
748,175,2025-08-26T00:00:00,Neo4j stream follow python trend coffee cloud music tinyflux trend tinyflux social mongodb social follow.
749,175,2025-08-12T00:00:00,Mongodb post sql cloud ai nlp trend.
750,175,2025-08-18T00:00:00,Trend follow ml follow nlp python ml tinyflux sqlite stream coffee follow graph coffee trend.
751,175,2025-09-05T00:00:00,Nlp data trend social python social ml ai stream data follow post music.
752,176,2025-09-03T00:00:00,Music coffee nlp neo4j like follow follow graph post.
753,176,2025-09-09T00:00:00,Graph post sql ai tinyflux cloud mongodb graph trend stream post cloud sql.
754,176,2025-08-28T00:00:00,Cloud music graph mongodb mongodb post social.
755,176,2025-08-16T00:00:00,Like mongodb trend python follow like python like follow trend nlp music like.
756,176,2025-08-12T00:00:00,Python neo4j coffee like mongodb follow.
757,176,2025-08-13T00:00:00,Music nlp graph follow follow follow cloud graph ml neo4j sql.
758,178,2025-08-23T00:00:00,Sql like music ml tinyflux neo4j.
759,178,2025-09-02T00:00:00,Sql music python coffee mongodb stream stream.
760,178,2025-09-05T00:00:00,Neo4j sql ml post stream mongodb graph trend social tinyflux trend like ai post python.
761,178,2025-09-01T00:00:00,Ml graph tinyflux trend nlp python stream data tinyflux follow trend sql.
762,178,2025-09-08T00:00:00,Nlp tinyflux ml data music social post tinyflux like mongodb coffee sqlite python cloud ai.
763,178,2025-09-03T00:00:00,Sql nlp neo4j sqlite music social tinyflux neo4j post cloud stream like.
764,178,2025-08-24T00:00:00,Mongodb neo4j social follow neo4j.
765,178,2025-08-15T00:00:00,Cloud sqlite like ml cloud tinyflux coffee social.
766,178,2025-09-08T00:00:00,Neo4j stream like post mongodb social sqlite ai neo4j ai like data.
767,179,2025-09-10T00:00:00,Post tinyflux post python post coffee follow sql ml ai nlp.
768,179,2025-09-01T00:00:00,Social graph neo4j trend mongodb tinyflux social social graph.
769,179,2025-08-27T00:00:00,Coffee mongodb tinyflux post sql post.
770,180,2025-08-15T00:00:00,Mongodb coffee nlp graph cloud python.
771,180,2025-09-03T00:00:00,Cloud post trend social follow coffee music neo4j like tinyflux neo4j social.
772,180,2025-08-29T00:00:00,Cloud sqlite graph data neo4j trend ml.
773,180,2025-08-20T00:00:00,Tinyflux stream cloud like music follow post.
774,181,2025-09-09T00:00:00,Mongodb follow coffee sql post sql graph follow ai.
775,183,2025-08-19T00:00:00,Sql sql mongodb sql ai sql ai mongodb.
776,183,2025-09-07T00:00:00,Ml neo4j neo4j ml post neo4j mongodb trend follow tinyflux tinyflux follow.
777,183,2025-09-06T00:00:00,Ml cloud like sql stream data sqlite coffee post.
778,183,2025-09-03T00:00:00,Social neo4j data like follow tinyflux stream music.
779,183,2025-09-07T00:00:00,Sql coffee tinyflux follow post sql python post nlp ml neo4j data follow ai.
780,183,2025-08-26T00:00:00,Sqlite trend nlp tinyflux data cloud follow python python trend ai neo4j ml.
781,183,2025-09-05T00:00:00,Follow sql nlp stream sqlite coffee neo4j.
782,183,2025-09-09T00:00:00,Like music stream sqlite coffee ai mongodb tinyflux cloud music follow mongodb stream.
783,184,2025-09-04T00:00:00,Tinyflux sql mongodb social graph graph mongodb.
784,184,2025-08-27T00:00:00,Coffee data ml tinyflux sqlite post.
785,184,2025-08-24T00:00:00,Music coffee data cloud tinyflux trend nlp graph ml sql follow mongodb.
786,184,2025-08-22T00:00:00,Social stream ai mongodb follow data cloud graph follow stream ai cloud.
787,184,2025-08-12T00:00:00,Neo4j trend follow graph mongodb graph sql coffee trend like neo4j neo4j trend tinyflux.
788,184,2025-09-09T00:00:00,Stream post ml mongodb like trend social.
789,184,2025-08-15T00:00:00,Like music sqlite neo4j graph data graph graph mongodb.
790,184,2025-08-22T00:00:00,Like stream cloud ml music neo4j coffee cloud sql post graph ml.
791,185,2025-08-23T00:00:00,Like like post like tinyflux.
792,185,2025-09-07T00:00:00,Data stream sqlite coffee stream neo4j stream cloud stream sql coffee ml graph like.
793,185,2025-08-25T00:00:00,Ml data ai music neo4j mongodb coffee follow social social sqlite.
794,185,2025-08-28T00:00:00,Graph data trend tinyflux neo4j.
795,186,2025-08-17T00:00:00,Coffee ai ai follow cloud cloud stream post sqlite ml stream post stream sqlite ai.
796,186,2025-08-18T00:00:00,Nlp graph sql coffee tinyflux nlp.
797,187,2025-08-30T00:00:00,Mongodb ai cloud like music python like sqlite like coffee graph cloud sql like ml.
798,187,2025-08-16T00:00:00,Neo4j mongodb python like sqlite tinyflux like.
799,187,2025-08-21T00:00:00,Like sqlite like ml ai post cloud post.
800,188,2025-08-18T00:00:00,Python ai sqlite ai social music sqlite data music graph social data.
801,188,2025-08-29T00:00:00,Graph tinyflux follow tinyflux sqlite python python trend python social.
802,188,2025-08-24T00:00:00,Follow neo4j nlp music follow nlp music sql.
803,189,2025-09-07T00:00:00,Graph social post sql mongodb ml music neo4j ai like social.
804,190,2025-08-18T00:00:00,Tinyflux ai ai graph trend python graph nlp.
805,190,2025-09-09T00:00:00,Data cloud like stream sql mongodb coffee tinyflux ai ml post mongodb python graph stream.
806,190,2025-08-22T00:00:00,Music data stream ai tinyflux.
807,190,2025-09-04T00:00:00,Cloud music music sql cloud neo4j post social music sql.
808,191,2025-09-01T00:00:00,Neo4j data mongodb like like.
809,191,2025-09-01T00:00:00,Python mongodb ml tinyflux sqlite mongodb coffee follow nlp like graph.
810,191,2025-08-29T00:00:00,Sql python tinyflux follow cloud python graph tinyflux ml python.
811,191,2025-08-13T00:00:00,Ml trend trend follow music mongodb sql ml trend nlp nlp follow.
812,191,2025-08-26T00:00:00,Coffee sqlite music stream sql tinyflux neo4j like tinyflux social.
813,192,2025-08-23T00:00:00,Stream social ml mongodb sql music music sqlite coffee post social mongodb.
814,192,2025-08-13T00:00:00,Sql neo4j graph cloud stream graph ml sqlite.
815,192,2025-08-24T00:00:00,Sqlite python tinyflux neo4j graph ml social graph ml nlp trend music like coffee.
816,192,2025-09-10T00:00:00,Stream mongodb ai data data ai like trend coffee data like cloud tinyflux follow.
817,192,2025-08-21T00:00:00,Cloud like neo4j post nlp tinyflux.
818,192,2025-08-21T00:00:00,Music neo4j like graph ml stream mongodb graph neo4j.
819,192,2025-08-27T00:00:00,Sqlite like follow sqlite music ml social music cloud.
820,192,2025-08-24T00:00:00,Graph ai sqlite post like neo4j graph trend follow like neo4j trend.
821,193,2025-08-14T00:00:00,Data music coffee cloud music follow social sqlite follow coffee.
822,193,2025-09-03T00:00:00,Cloud follow nlp mongodb neo4j follow.
823,193,2025-08-23T00:00:00,Graph python stream like nlp like data sql coffee.
824,193,2025-08-26T00:00:00,Coffee python follow sqlite sqlite coffee ai trend like ai neo4j.
825,193,2025-08-21T00:00:00,Graph nlp cloud sqlite python cloud cloud stream follow ml tinyflux.
826,195,2025-08-16T00:00:00,Tinyflux neo4j nlp python like like data sqlite coffee stream.
827,195,2025-08-15T00:00:00,Post post music data cloud.
828,195,2025-08-16T00:00:00,Post social trend ai ai post trend mongodb graph mongodb trend nlp trend social.
829,195,2025-08-15T00:00:00,Music tinyflux graph tinyflux data data follow ai social sql ai data coffee stream.
830,195,2025-08-27T00:00:00,Tinyflux nlp tinyflux nlp tinyflux neo4j trend ml.
831,195,2025-08-28T00:00:00,Data follow python trend neo4j.
832,196,2025-08-18T00:00:00,Tinyflux data graph coffee follow graph.
833,196,2025-09-01T00:00:00,Python ml mongodb sql python coffee sql ai trend sqlite python graph data nlp.
834,196,2025-09-09T00:00:00,Mongodb post data social tinyflux.
835,196,2025-08-12T00:00:00,Data neo4j like cloud sqlite sqlite data python post nlp tinyflux nlp nlp social coffee.
836,197,2025-09-04T00:00:00,Sql graph sqlite ml trend coffee social like.
837,197,2025-08-24T00:00:00,Trend nlp graph tinyflux cloud like trend social cloud trend music cloud.
838,197,2025-08-25T00:00:00,Like graph like sql ai nlp python graph nlp graph post trend python graph mongodb.
839,197,2025-08-27T00:00:00,Ml trend nlp sqlite cloud music follow tinyflux mongodb music stream.
840,197,2025-08-27T00:00:00,Ml ai coffee graph mongodb sqlite ml music.
841,197,2025-08-16T00:00:00,Python tinyflux post trend cloud follow data ml ml sql coffee sql trend.
842,197,2025-08-22T00:00:00,Like follow social neo4j neo4j coffee graph music coffee mongodb follow sql neo4j sql post.
843,197,2025-08-27T00:00:00,Nlp ai stream data social mongodb data nlp mongodb trend follow python ml social.
844,197,2025-09-06T00:00:00,Tinyflux cloud social nlp sql ai cloud mongodb neo4j.
845,198,2025-09-06T00:00:00,Follow nlp coffee trend sql post graph like mongodb.
846,198,2025-08-21T00:00:00,Tinyflux graph social python social.
847,198,2025-08-25T00:00:00,Python sql python ai mongodb.
848,198,2025-08-25T00:00:00,Cloud social follow ml cloud graph.
849,198,2025-08-26T00:00:00,Music python python tinyflux nlp graph music follow music trend.
850,198,2025-08-29T00:00:00,Cloud coffee tinyflux neo4j mongodb mongodb cloud coffee post ai python neo4j.
851,198,2025-08-30T00:00:00,Trend data tinyflux music data.
852,198,2025-08-14T00:00:00,Graph stream like sql social follow coffee.
853,198,2025-08-25T00:00:00,Social nlp stream stream mongodb cloud graph post post ml.
854,199,2025-08-15T00:00:00,Sql data sqlite ai mongodb sqlite nlp ai social.
855,199,2025-08-16T00:00:00,Stream coffee social sqlite ai social nlp.
856,199,2025-09-02T00:00:00,Neo4j ai neo4j sql neo4j ai tinyflux neo4j cloud trend graph.
857,199,2025-08-18T00:00:00,Stream like tinyflux python neo4j stream graph.
858,199,2025-08-18T00:00:00,Python graph trend cloud sqlite nlp ml follow sqlite social sql music cloud music.
859,199,2025-09-10T00:00:00,Sql neo4j tinyflux post sqlite trend post cloud.
860,199,2025-08-13T00:00:00,Mongodb neo4j trend python stream coffee sql graph coffee nlp tinyflux tinyflux nlp cloud social.
861,199,2025-09-10T00:00:00,Nlp neo4j social sqlite like data music ai ai data ai python.
862,199,2025-08-12T00:00:00,Ml tinyflux follow data cloud mongodb follow tinyflux cloud.
863,200,2025-08-20T00:00:00,Sqlite python ai music music nlp like follow like music mongodb.
864,200,2025-09-02T00:00:00,Trend like graph music tinyflux.
865,200,2025-08-26T00:00:00,Sqlite python ai neo4j data sqlite sql cloud cloud ai ml nlp graph ai.
